{"playerName":"Player","lastSpawnMosterId":0,"gold":0,"playerAtkLevel":0,"bgmLevel":2.4522979259490969,"sfxLevel":2.4834909439086916}