{"playerName":"Player","lastSpawnMosterId":4,"gold":2597800,"playerAtkLevel":2,"bgmLevel":1.1670645475387574,"sfxLevel":1.120922327041626}