{"playerName":"Player","lastSpawnMosterId":5,"gold":3776400,"playerAtkLevel":2,"bgmLevel":3.1911425590515138,"sfxLevel":2.548027992248535}